1,Sylvain,2,Liste_Sylvain.docx
2,Admin,1,
3,Claire,3,Liste_Claire.pdf
4,Marie,4,Liste_Marie.docx
5,Francois,5,Liste_Francois.docx
6,Ethan,6,Liste_Ethan.pdf
7,Fr?d?rique,7,Liste_Frederique.pdf
8,Fa?lor,8,Liste_Failor.docx
9,Anoulak,9,Liste_Anoulak.docx
10,Dj?valyne,10,Liste_Djevalyne.docx
11,Benjamin,11,Liste_Benjamin.docx
12,Anne-Laure,12,Liste_Anne_Laure.pdf
13,Chlo?,13,Liste_Chloe.docx
14,Alexis,14,
16,Taz,15,
